-- phpMyAdmin SQL Dump
-- version 4.8.5
-- https://www.phpmyadmin.net/
--
-- Host: 127.0.0.1
-- Generation Time: Jun 05, 2019 at 12:48 PM
-- Server version: 10.1.38-MariaDB
-- PHP Version: 7.3.3

SET SQL_MODE = "NO_AUTO_VALUE_ON_ZERO";
SET AUTOCOMMIT = 0;
START TRANSACTION;
SET time_zone = "+00:00";


/*!40101 SET @OLD_CHARACTER_SET_CLIENT=@@CHARACTER_SET_CLIENT */;
/*!40101 SET @OLD_CHARACTER_SET_RESULTS=@@CHARACTER_SET_RESULTS */;
/*!40101 SET @OLD_COLLATION_CONNECTION=@@COLLATION_CONNECTION */;
/*!40101 SET NAMES utf8mb4 */;

--
-- Database: `reward`
--

-- --------------------------------------------------------

--
-- Table structure for table `admin`
--

CREATE TABLE `admin` (
  `id` int(11) NOT NULL,
  `username` varchar(50) COLLATE utf8_unicode_ci NOT NULL,
  `password` varchar(50) COLLATE utf8_unicode_ci NOT NULL
) ENGINE=InnoDB DEFAULT CHARSET=utf8 COLLATE=utf8_unicode_ci;

--
-- Dumping data for table `admin`
--

INSERT INTO `admin` (`id`, `username`, `password`) VALUES
(1, 'admin', '098f6bcd4621d373cade4e832627b4f6'),
(2, 'admin2', '098f6bcd4621d373cade4e832627b4f6');

-- --------------------------------------------------------

--
-- Table structure for table `orders`
--

CREATE TABLE `orders` (
  `id` int(11) NOT NULL,
  `user_id` int(11) NOT NULL,
  `ins_username` varchar(50) COLLATE utf8_unicode_ci NOT NULL,
  `lineid` varchar(50) COLLATE utf8_unicode_ci NOT NULL,
  `address` varchar(100) COLLATE utf8_unicode_ci NOT NULL DEFAULT '-',
  `district` varchar(50) COLLATE utf8_unicode_ci NOT NULL DEFAULT '-',
  `province` varchar(50) COLLATE utf8_unicode_ci NOT NULL DEFAULT '-',
  `zipcode` varchar(6) COLLATE utf8_unicode_ci NOT NULL DEFAULT '-',
  `country` varchar(50) COLLATE utf8_unicode_ci NOT NULL DEFAULT '-',
  `phone` varchar(20) COLLATE utf8_unicode_ci NOT NULL,
  `total_point` int(6) NOT NULL,
  `status` int(1) NOT NULL DEFAULT '1',
  `cancel_reason` varchar(100) COLLATE utf8_unicode_ci NOT NULL,
  `ems` varchar(20) COLLATE utf8_unicode_ci NOT NULL,
  `order_date` datetime NOT NULL DEFAULT CURRENT_TIMESTAMP
) ENGINE=InnoDB DEFAULT CHARSET=utf8 COLLATE=utf8_unicode_ci;

--
-- Dumping data for table `orders`
--

INSERT INTO `orders` (`id`, `user_id`, `ins_username`, `lineid`, `address`, `district`, `province`, `zipcode`, `country`, `phone`, `total_point`, `status`, `cancel_reason`, `ems`, `order_date`) VALUES
(49, 38, 'test', '1', '201', 'หาดใหญ่', 'สงขลา', '90110', 'ไทย', '1234', 30100, 4, 'ทดสอบ ยกเลิก test cancel 123456789000 !@@', '', '2019-05-20 19:38:06'),
(50, 38, '1', '1', '', '', '', '', 'ไทย', '1234', 500, 4, '50', '', '2019-05-21 10:34:37'),
(51, 38, 'test', '1', '', '', '', '', 'ไทย', '1234', 100, 3, '', '', '2019-05-21 10:54:21'),
(52, 38, 'test', '1', '', '', '', '', 'ไทย', '1234', 300, 3, '', '', '2019-05-22 14:51:47'),
(53, 38, 'test', '1', '', '', '', '', 'ไทย', '1234', 400, 1, '', '', '2019-05-22 15:04:05'),
(54, 38, 'test', '1', '', '', '', '', 'ไทย', '1234', 1100, 1, '', '', '2019-05-22 15:06:27'),
(55, 38, 'test', '1', '', '', '', '', 'ไทย', '1234', 100, 1, '', '', '2019-05-23 11:10:08'),
(56, 38, 'test', '1', '', '', '', '', 'ไทย', '1234', 100, 4, '56', '', '2019-05-26 11:28:30'),
(57, 207, 'ccc', '1', '201', 'หาดใหญ่', 'สงขลา', '90110', 'ไทย', '1234', 20750, 3, '', '', '2019-05-31 13:00:37'),
(58, 38, '', '1', '201', 'หาดใหญ่', 'สงขลา', '90110', 'ไทย', '123456', 500, 4, 'dddd', '', '2019-06-04 19:26:01'),
(59, 38, '', '1', '201', '', '', '', 'ไทย', '1234', 100, 1, '', '', '2019-06-05 17:32:43'),
(60, 38, '', '1', '', '', '', '', 'ไทย', '1234', 100, 1, '', '', '2019-06-05 17:41:53');

-- --------------------------------------------------------

--
-- Table structure for table `order_details`
--

CREATE TABLE `order_details` (
  `order_id` int(11) NOT NULL,
  `product_id` int(11) NOT NULL,
  `product_name` varchar(100) COLLATE utf8_unicode_ci NOT NULL,
  `point` int(11) NOT NULL,
  `quantity` int(3) NOT NULL
) ENGINE=InnoDB DEFAULT CHARSET=utf8 COLLATE=utf8_unicode_ci;

--
-- Dumping data for table `order_details`
--

INSERT INTO `order_details` (`order_id`, `product_id`, `product_name`, `point`, `quantity`) VALUES
(49, 1, 'เงินสด 200 บาท', 100, 1),
(49, 2, 'iPhone XS 64 Gb (สี Gold)', 20000, 1),
(49, 3, 'สร้อยคอทองคำแท้ 1 บาท', 10000, 1),
(50, 1, 'เงินสด 200 บาท', 100, 5),
(51, 1, 'เงินสด 200 บาท', 100, 1),
(52, 1, 'เงินสด 200 บาท', 100, 3),
(53, 1, 'เงินสด 200 บาท', 100, 4),
(54, 1, 'เงินสด 200 บาท', 100, 11),
(55, 1, 'เงินสด 200 บาท', 100, 1),
(56, 1, 'เงินสด 200 บาท', 100, 1),
(57, 2, 'iPhone XS 64 Gb (สี Gold)', 20000, 1),
(57, 9, 'เครดิตเว็บ 2,000 บาท', 750, 1),
(58, 5, 'เงินสด 1,000 บาท', 500, 1),
(59, 1, 'เงินสด 200 บาท', 100, 1),
(60, 1, 'เงินสด 200 บาท', 100, 1);

-- --------------------------------------------------------

--
-- Table structure for table `point_history`
--

CREATE TABLE `point_history` (
  `id` int(15) NOT NULL,
  `user_id` int(11) NOT NULL,
  `add_point` int(11) NOT NULL,
  `minus_point` int(11) NOT NULL,
  `promotion` varchar(100) COLLATE utf8_unicode_ci NOT NULL,
  `note` varchar(100) COLLATE utf8_unicode_ci NOT NULL,
  `admin` varchar(50) COLLATE utf8_unicode_ci NOT NULL,
  `created` datetime NOT NULL DEFAULT CURRENT_TIMESTAMP
) ENGINE=InnoDB DEFAULT CHARSET=utf8 COLLATE=utf8_unicode_ci;

--
-- Dumping data for table `point_history`
--

INSERT INTO `point_history` (`id`, `user_id`, `add_point`, `minus_point`, `promotion`, `note`, `admin`, `created`) VALUES
(3, 38, 1, 0, 'แต้ม x2', 'แต้ม x2', 'admin', '2019-05-22 13:43:17'),
(5, 38, 0, 100, '', '5555', 'admin', '2019-05-22 13:50:40'),
(6, 38, 0, 400, '', 'แลกของ', '', '2019-05-22 15:04:05'),
(7, 38, 0, 1100, '', 'แลกของ', '', '2019-05-22 15:06:27'),
(8, 38, 1000, 0, '', '', 'admin', '2019-05-22 15:18:07'),
(9, 38, 0, 100, '', '', 'admin', '2019-05-22 16:19:59'),
(10, 38, 100, 0, '', '', 'admin', '2019-05-22 16:20:57'),
(11, 38, 0, 1, '', '', 'admin', '2019-05-22 16:21:31'),
(12, 38, 1, 0, '', '', 'admin', '2019-05-22 16:21:43'),
(13, 38, 1, 0, '', '', 'admin', '2019-05-22 16:22:14'),
(14, 38, 0, 100, '', 'แลกของ รหัส 55', '', '2019-05-23 11:10:08'),
(15, 38, 100, 0, '', '', 'admin2', '2019-05-23 12:27:40'),
(16, 38, 0, 100, '', 'แลกของ รหัส 56', '', '2019-05-26 11:28:30'),
(22, 38, 30100, 0, '', 'ยกเลิก รหัส 49', 'admin', '2019-05-26 13:30:42'),
(23, 38, 1, 0, '', '', 'admin', '2019-05-26 13:54:35'),
(24, 38, 100, 0, '', 'ยกเลิก รหัส 51', 'admin', '2019-05-26 14:45:34'),
(26, 78, 100000, 0, '', 'แต้มแรกเข้า', 'admin', '2019-05-27 15:35:39'),
(29, 38, 1, 0, '', '', 'admin', '2019-05-27 17:41:52'),
(30, 38, 1, 0, '', '', 'admin', '2019-05-27 17:41:54'),
(31, 38, 1, 0, '', '', 'admin', '2019-05-27 17:41:58'),
(32, 38, 0, 1, '', '', 'admin', '2019-05-28 10:38:01'),
(33, 38, 1, 0, '', '', 'admin', '2019-05-28 10:52:17'),
(34, 38, 1, 0, '', '', 'admin', '2019-05-28 10:52:44'),
(35, 38, 1, 0, '', '', 'admin', '2019-05-28 10:57:40'),
(36, 38, 1, 0, '', '', 'admin', '2019-05-28 11:00:11'),
(37, 38, 1, 0, '', '', 'admin', '2019-05-28 11:00:40'),
(38, 38, 1, 0, '', '', 'admin', '2019-05-28 11:03:01'),
(39, 38, 1, 0, '', '', 'admin', '2019-05-28 11:03:12'),
(40, 38, 1, 0, '', '', 'admin', '2019-05-28 11:08:04'),
(41, 38, 1, 0, '', '', 'admin', '2019-05-28 11:08:11'),
(42, 38, 1, 0, '', '', 'admin', '2019-05-28 11:08:13'),
(44, 38, 1, 0, '', '', 'admin', '2019-05-28 11:12:05'),
(45, 38, 1, 0, '', '', 'admin', '2019-05-28 11:15:01'),
(47, 38, 0, 1, '', '', 'admin', '2019-05-28 11:36:47'),
(72, 38, 400, 0, '', 'ยกเลิก รหัส 53', 'admin', '2019-05-28 13:16:53'),
(73, 38, 500, 0, '', 'ยกเลิก รหัส 50', 'admin', '2019-05-28 13:25:07'),
(74, 38, 100, 0, '', 'ยกเลิก รหัส 51', 'admin', '2019-05-28 13:25:23'),
(75, 158, 100000, 0, '', 'แต้มแรกเข้า', 'admin', '2019-05-28 16:02:57'),
(76, 38, 1, 0, '', '1', 'admin', '2019-05-28 16:03:43'),
(77, 38, 1, 0, '', '1', 'admin', '2019-05-28 16:03:46'),
(78, 38, 1, 0, '', '1', 'admin', '2019-05-28 16:04:05'),
(79, 38, 1, 0, '', '1', 'admin', '2019-05-28 16:14:54'),
(80, 38, 1, 0, '', '1', 'admin', '2019-05-28 16:14:59'),
(81, 38, 1, 0, '', '1', 'admin', '2019-05-28 16:15:06'),
(82, 38, 1, 0, '', '1', 'admin', '2019-05-28 16:15:07'),
(83, 38, 1, 0, '', '1', 'admin', '2019-05-28 16:15:09'),
(84, 38, 1, 0, '', '1', 'admin', '2019-05-28 16:15:20'),
(85, 159, 100000, 0, '', 'แต้มแรกเข้า', 'admin', '2019-05-28 16:40:47'),
(86, 160, 1, 0, '', 'แต้มแรกเข้า', 'admin', '2019-05-28 16:41:03'),
(87, 161, 100000, 0, 'แต้ม x2', 'แต้มแรกเข้า', 'admin', '2019-05-28 16:41:38'),
(88, 162, 100000, 0, 'แต้ม x2', 'แต้มแรกเข้า', 'admin', '2019-05-28 16:42:00'),
(89, 163, 100000, 0, 'แต้ม x2', 'แต้มแรกเข้า', 'admin', '2019-05-28 16:42:32'),
(90, 164, 100000, 0, '', 'แต้มแรกเข้า', 'admin', '2019-05-28 16:42:47'),
(91, 165, 100000, 0, '', 'แต้มแรกเข้า', 'admin', '2019-05-28 16:43:08'),
(92, 166, 100000, 0, '', 'แต้มแรกเข้า', 'admin', '2019-05-28 16:43:23'),
(93, 167, 100000, 0, '', 'แต้มแรกเข้า', 'admin', '2019-05-28 16:44:51'),
(94, 168, 100000, 0, '', 'แต้มแรกเข้า', 'admin', '2019-05-28 16:46:17'),
(97, 171, 100000, 0, '', 'แต้มแรกเข้า', 'admin', '2019-05-28 17:15:11'),
(98, 172, 1, 0, 'แต้ม x2', 'แต้มแรกเข้า', 'admin', '2019-05-28 17:15:50'),
(99, 173, 100000, 0, '', 'แต้มแรกเข้า', 'admin', '2019-05-28 17:40:34'),
(100, 174, 100000, 0, '', 'แต้มแรกเข้า', 'admin', '2019-05-28 17:40:55'),
(101, 175, 100000, 0, '', 'แต้มแรกเข้า', 'admin', '2019-05-28 17:42:08'),
(102, 176, 100000, 0, '', 'แต้มแรกเข้า', 'admin', '2019-05-28 17:43:43'),
(103, 177, 100000, 0, '', 'แต้มแรกเข้า', 'admin', '2019-05-28 17:43:49'),
(104, 178, 100000, 0, '', 'แต้มแรกเข้า', 'admin', '2019-05-28 17:44:10'),
(105, 179, 100000, 0, '', 'แต้มแรกเข้า', 'admin', '2019-05-28 17:44:25'),
(106, 180, 100000, 0, '', 'แต้มแรกเข้า', 'admin', '2019-05-28 17:44:33'),
(107, 181, 100000, 0, '', 'แต้มแรกเข้า', 'admin', '2019-05-28 17:44:54'),
(108, 182, 100000, 0, '', 'แต้มแรกเข้า', 'admin', '2019-05-28 17:48:01'),
(109, 183, 100000, 0, '', 'แต้มแรกเข้า', 'admin', '2019-05-28 17:48:05'),
(110, 184, 100000, 0, '', 'แต้มแรกเข้า', 'admin', '2019-05-28 17:48:32'),
(111, 185, 100000, 0, '', 'แต้มแรกเข้า', 'admin', '2019-05-28 17:48:50'),
(112, 186, 100000, 0, '', 'แต้มแรกเข้า', 'admin', '2019-05-28 17:50:29'),
(113, 187, 100000, 0, '', 'แต้มแรกเข้า', 'admin', '2019-05-28 17:50:36'),
(114, 188, 100000, 0, '', 'แต้มแรกเข้า', 'admin', '2019-05-28 17:54:57'),
(115, 189, 100000, 0, '', 'แต้มแรกเข้า', 'admin', '2019-05-28 17:56:55'),
(116, 190, 100000, 0, '', 'แต้มแรกเข้า', 'admin', '2019-05-28 17:56:58'),
(117, 191, 100000, 0, '', 'แต้มแรกเข้า', 'admin', '2019-05-28 17:57:57'),
(118, 192, 100000, 0, '', 'แต้มแรกเข้า', 'admin', '2019-05-28 17:58:02'),
(119, 193, 100000, 0, '', 'แต้มแรกเข้า', 'admin', '2019-05-28 17:58:16'),
(120, 194, 100000, 0, '', 'แต้มแรกเข้า', 'admin', '2019-05-28 17:59:38'),
(121, 195, 100000, 0, '', 'แต้มแรกเข้า', 'admin', '2019-05-28 17:59:45'),
(122, 196, 100000, 0, '', 'แต้มแรกเข้า', 'admin', '2019-05-28 17:59:55'),
(124, 198, 100000, 0, '', 'แต้มแรกเข้า', 'admin', '2019-05-28 18:01:43'),
(125, 199, 100000, 0, '', 'แต้มแรกเข้า', 'admin', '2019-05-28 18:02:06'),
(126, 200, 100000, 0, '', 'แต้มแรกเข้า', 'admin', '2019-05-28 18:02:09'),
(127, 201, 100000, 0, '', 'แต้มแรกเข้า', 'admin', '2019-05-28 18:02:57'),
(128, 202, 100000, 0, '', 'แต้มแรกเข้า', 'admin', '2019-05-28 18:04:31'),
(129, 203, 100000, 0, 'แต้ม x2', 'แต้มแรกเข้า', 'admin', '2019-05-28 18:04:50'),
(130, 204, 100000, 0, 'แต้ม x2', 'แต้มแรกเข้า', 'admin', '2019-05-28 18:05:07'),
(131, 205, 1, 0, '', 'แต้มแรกเข้า', 'admin', '2019-05-28 18:05:16'),
(132, 206, 100000, 0, '', 'แต้มแรกเข้า', 'admin', '2019-05-28 18:05:34'),
(133, 38, 1, 0, '', '1', 'admin', '2019-05-28 18:07:35'),
(134, 38, 1, 0, '', '1', 'admin', '2019-05-28 18:08:11'),
(135, 38, 1, 0, '', '1', 'admin', '2019-05-28 18:08:14'),
(136, 38, 1, 0, '', '1', 'admin', '2019-05-28 18:08:16'),
(137, 38, 1, 0, '', '1', 'admin', '2019-05-28 18:08:28'),
(138, 38, 1, 0, '', '1', 'admin', '2019-05-28 18:08:30'),
(139, 38, 1, 0, '', '1', 'admin', '2019-05-28 18:08:41'),
(140, 38, 1, 0, '', '1', 'admin', '2019-05-28 18:09:33'),
(141, 38, 1, 0, '', '1', 'admin', '2019-05-28 18:10:13'),
(142, 38, 1, 0, '', '1', 'admin', '2019-05-28 18:10:21'),
(143, 38, 1, 0, '', '1', 'admin', '2019-05-28 18:10:25'),
(144, 38, 1, 0, '', '1', 'admin', '2019-05-28 18:10:27'),
(145, 38, 1, 0, '', '1', 'admin', '2019-05-28 18:10:28'),
(146, 38, 1, 0, '', '1', 'admin', '2019-05-28 18:10:40'),
(147, 38, 1, 0, '', '1', 'admin', '2019-05-28 18:11:54'),
(148, 38, 1, 0, '', '1', 'admin', '2019-05-28 18:12:03'),
(149, 38, 1, 0, '', '1', 'admin', '2019-05-28 18:12:24'),
(150, 38, 1, 0, '', '1', 'admin', '2019-05-28 18:12:27'),
(151, 38, 1, 0, '', '1', 'admin', '2019-05-28 18:12:41'),
(152, 38, 1, 0, '', '1', 'admin', '2019-05-28 18:12:45'),
(153, 38, 1, 0, '', '1', 'admin', '2019-05-28 18:12:49'),
(155, 97, 1, 0, '', '1', 'admin', '2019-05-28 18:13:01'),
(156, 97, 100, 0, '', '1', 'admin', '2019-05-28 18:13:10'),
(157, 38, 1, 0, 'แต้ม x2', '1', 'admin', '2019-05-28 18:13:33'),
(158, 38, 1, 0, '', '1', 'admin', '2019-05-28 18:13:45'),
(159, 78, 1, 0, '', '1', 'admin', '2019-05-28 18:13:50'),
(160, 115, 1, 0, '', '1', 'admin', '2019-05-28 18:14:05'),
(161, 114, 1, 0, '', '1', 'admin', '2019-05-28 18:14:14'),
(162, 43, 100, 0, '', '5555', 'admin', '2019-05-28 18:14:25'),
(163, 159, 1, 0, 'แต้ม x2', '1', 'admin', '2019-05-28 18:14:45'),
(164, 205, 1, 0, '', '1', 'admin', '2019-05-28 18:15:18'),
(165, 205, 1, 0, '', '1', 'admin', '2019-05-28 18:15:39'),
(167, 38, 0, 500, '', '1', 'admin', '2019-05-28 18:17:06'),
(168, 38, 0, 50, '', '5555', 'admin', '2019-05-28 18:17:31'),
(169, 38, 0, 2000, '', '5555', 'admin', '2019-05-28 18:17:48'),
(170, 38, 0, 20000, '', '1', 'admin', '2019-05-28 18:18:35'),
(171, 38, 0, 1, '', '5555', 'admin', '2019-05-28 18:19:04'),
(172, 38, 0, 1, '', '1', 'admin', '2019-05-28 18:29:01'),
(173, 38, 1, 0, '', '1', 'admin', '2019-05-28 18:32:48'),
(174, 38, 1, 0, '', '1', 'admin', '2019-05-29 10:30:44'),
(175, 38, 0, 1, '', '1', 'admin', '2019-05-29 10:30:54'),
(176, 38, 400, 0, '', 'ยกเลิก รหัส 53', 'admin', '2019-05-29 14:12:36'),
(177, 38, 1100, 0, '', 'ยกเลิก รหัส 54', 'admin', '2019-05-29 14:14:21'),
(178, 38, 500, 0, '', 'ยกเลิก รหัส 50', 'admin', '2019-05-29 14:15:50'),
(179, 38, 100, 0, '', 'ยกเลิก รหัส 51', 'admin', '2019-05-29 14:18:11'),
(180, 38, 100, 0, '', 'ยกเลิก รหัส 56', 'admin', '2019-05-29 14:19:17'),
(181, 38, 100, 0, '', 'ยกเลิก รหัส 55', 'admin', '2019-05-29 14:19:42'),
(182, 38, 300, 0, '', 'ยกเลิก รหัส 52', 'admin', '2019-05-29 14:20:07'),
(183, 38, 30100, 0, '', 'ยกเลิก รหัส 49', 'admin', '2019-05-29 14:58:25'),
(184, 38, 400, 0, '', 'ยกเลิก รหัส 53', 'admin', '2019-05-29 14:58:32'),
(185, 38, 30100, 0, '', 'ยกเลิก รหัส 49', 'admin', '2019-05-29 14:59:36'),
(186, 38, 500, 0, '', 'ยกเลิก รหัส 50', 'admin', '2019-05-29 15:00:54'),
(187, 38, 100, 0, '', 'ยกเลิก รหัส 56', 'admin', '2019-05-29 15:01:58'),
(188, 38, 100, 0, '', 'ยกเลิก รหัส 51', 'admin', '2019-05-29 15:02:31'),
(189, 38, 30100, 0, '', 'ยกเลิก รหัส 49', 'admin', '2019-05-29 15:03:48'),
(190, 38, 500, 0, '', 'ยกเลิก รหัส 50', 'admin', '2019-05-29 15:03:55'),
(191, 38, 100, 0, '', 'ยกเลิก รหัส 55', 'admin', '2019-05-29 15:19:46'),
(192, 38, 100, 0, '', 'ยกเลิก รหัส 51', 'admin', '2019-05-29 15:45:46'),
(193, 38, 300, 0, '', 'ยกเลิก รหัส 52', 'admin', '2019-05-29 15:46:33'),
(194, 38, 400, 0, '', 'ยกเลิก รหัส 53', 'admin', '2019-05-29 15:50:57'),
(195, 38, 1100, 0, '', 'ยกเลิก รหัส 54', 'admin', '2019-05-29 15:51:37'),
(196, 38, 30100, 0, '', 'ยกเลิก รหัส 49', 'admin', '2019-05-29 15:54:36'),
(197, 38, 100, 0, '', 'ยกเลิก รหัส 51', 'admin', '2019-05-29 15:58:43'),
(198, 38, 100, 0, '', 'ยกเลิก รหัส 55', 'admin', '2019-05-29 16:04:04'),
(199, 38, 100, 0, '', 'ยกเลิก รหัส 56', 'admin', '2019-05-29 16:06:53'),
(200, 38, 1100, 0, '', 'ยกเลิก รหัส 54', 'admin', '2019-05-29 16:07:32'),
(201, 38, 400, 0, '', 'ยกเลิก รหัส 53', 'admin', '2019-05-29 16:08:33'),
(202, 38, 300, 0, '', 'ยกเลิก รหัส 52', 'admin', '2019-05-29 16:09:09'),
(203, 38, 500, 0, '', 'ยกเลิก รหัส 50', 'admin', '2019-05-29 16:09:31'),
(204, 38, 30100, 0, '', 'ยกเลิก รหัส 49', 'admin', '2019-05-29 16:10:47'),
(205, 38, 1, 0, '', '1', 'admin', '2019-05-29 16:49:46'),
(206, 38, 100, 0, '', 'ยกเลิก รหัส 56', 'admin', '2019-05-29 16:49:59'),
(207, 38, 500, 0, '', 'ยกเลิก รหัส 50', 'admin', '2019-05-29 16:54:40'),
(208, 98, 1, 0, '', '1', 'admin', '2019-05-29 18:59:37'),
(209, 38, 100, 0, '', '1', 'admin', '2019-05-29 19:00:27'),
(210, 38, 0, 1, '', '1', 'admin', '2019-05-30 10:25:30'),
(211, 38, 1, 0, '', '5555', 'admin', '2019-05-30 14:41:22'),
(212, 207, 100000, 0, 'แต้ม x3', 'แต้มแรกเข้า', 'admin', '2019-05-31 12:58:35'),
(213, 207, 0, 20750, '', 'แลกของ รหัส 57', '', '2019-05-31 13:00:37'),
(214, 208, 100000, 0, 'แต้ม x3', 'แต้มแรกเข้า', 'admin', '2019-05-31 18:17:29'),
(215, 209, 100000, 0, '', 'แต้มแรกเข้า', 'admin', '2019-05-31 18:19:47'),
(216, 43, 100, 0, '', '1', 'admin', '2019-06-02 16:54:57'),
(217, 43, 0, 101, '', '1', 'admin', '2019-06-02 16:56:04'),
(218, 210, 1, 0, 'แต้ม x2', 'แต้มแรกเข้า', 'admin', '2019-06-03 12:15:15'),
(219, 38, 10000, 0, '', '1', 'admin', '2019-06-03 16:46:13'),
(220, 38, 0, 10000, '', '1', 'admin', '2019-06-03 16:46:33'),
(221, 38, 1, 0, '', '1', 'admin', '2019-06-03 18:33:30'),
(222, 38, 0, 1, '', '1', 'admin', '2019-06-03 19:14:02'),
(223, 38, 0, 500, '', 'แลกของ รหัส 58', '', '2019-06-04 19:26:01'),
(224, 38, 500, 0, '', 'ยกเลิก รหัส 58', 'admin', '2019-06-05 09:55:31'),
(225, 38, 0, 100, '', 'แลกของ รหัส 59', '', '2019-06-05 17:32:44'),
(226, 38, 0, 100, '', 'แลกของ รหัส 60', '', '2019-06-05 17:41:53');

-- --------------------------------------------------------

--
-- Table structure for table `products`
--

CREATE TABLE `products` (
  `id` int(11) NOT NULL,
  `name` varchar(100) COLLATE utf8_unicode_ci NOT NULL,
  `detail` varchar(100) COLLATE utf8_unicode_ci NOT NULL,
  `point` int(11) NOT NULL,
  `image` varchar(100) COLLATE utf8_unicode_ci NOT NULL,
  `product_category_id` int(11) NOT NULL,
  `created` datetime NOT NULL DEFAULT CURRENT_TIMESTAMP
) ENGINE=InnoDB DEFAULT CHARSET=utf8 COLLATE=utf8_unicode_ci;

--
-- Dumping data for table `products`
--

INSERT INTO `products` (`id`, `name`, `detail`, `point`, `image`, `product_category_id`, `created`) VALUES
(1, 'เงินสด 200 บาท', 'เงินสดโอนเข้าบัญชี  ', 100, 'img_5ceba7b2554be.jpg', 1, '2019-05-27 16:02:42'),
(2, 'iPhone XS 64 Gb (สี Gold)', 'มือถือสุดล้ำสมัย  ', 20000, 'img_5cd935d8cc826.jpg', 2, '2019-05-13 16:16:08'),
(3, 'สร้อยคอทองคำแท้ 1 บาท', 'สร้อยคอทองคำ  ', 10000, 'img_5cd94e8053e74.jpg', 5, '2019-05-13 18:01:20'),
(4, 'เงินสด 500 บาท', 'เงินสดโอนเข้าบัญชี  ', 250, 'img_5cef4f05aeb0b.jpg', 1, '2019-05-30 10:33:25'),
(5, 'เงินสด 1,000 บาท', 'เงินสดโอนเข้าบัญชี  ', 500, 'img_5cef4f1b2a6bf.jpg', 1, '2019-05-30 10:33:47'),
(6, 'เงินสด 5,000 บาท', 'เงินสดโอนเข้าบัญชี  ', 2500, 'img_5cef4f5a6a4b1.jpg', 1, '2019-05-30 10:34:50'),
(7, 'เครดิตเว็บ 300 บาท', 'เครดิตเติมเข้า user ของท่าน  ', 125, 'img_5cef4fd16462e.jpg', 1, '2019-05-30 10:36:49'),
(8, 'เครดิตเว็บ 500 บาท', 'เครดิตเติมเข้า user ของท่าน  ', 200, 'img_5cef4fe811f06.jpg', 1, '2019-05-30 10:37:12'),
(9, 'เครดิตเว็บ 2,000 บาท', 'เครดิตเติมเข้า user ของท่าน  ', 750, 'img_5cef4ffe8e856.jpg', 1, '2019-05-30 10:37:34'),
(10, 'เครดิตเว็บ 5,000 บาท', 'เครดิตเติมเข้า user ของท่าน  ', 1800, 'img_5cef500eb4d52.jpg', 1, '2019-05-30 10:37:50'),
(11, 'Samsung Galaxy S10+ 8/128G', 'มือถือ Android ', 18000, 'img_5cef509347998.jpg', 2, '2019-05-30 10:40:03'),
(12, 'OPPO F11 Pro (สี Thunder Black)', 'Portrait สวย แม้แสงน้อย  ', 5500, 'img_5cef50a405abd.jpg', 2, '2019-05-30 10:40:20'),
(13, 'Vivo V15 Pro (สี Topaz Blue)', 'โดดเด่นด้วยกล้องหน้า', 7500, 'img_5cef50b67e0be.jpg', 2, '2019-05-30 10:40:38'),
(14, 'Huawei MediaPad T5 10', 'แท็บเล็ตคุณภาพดี  ', 2900, 'img_5cef5101768c6.jpg', 2, '2019-05-30 10:41:53'),
(15, 'Samsung Galaxy Note 9', 'มือถือ Android มีปากกาเขียนสนุก เขียนลื่น  ', 16800, 'img_5cef5115cd03a.jpg', 2, '2019-05-30 10:42:13');

-- --------------------------------------------------------

--
-- Table structure for table `product_categories`
--

CREATE TABLE `product_categories` (
  `id` int(11) NOT NULL,
  `code` varchar(5) COLLATE utf8_unicode_ci NOT NULL,
  `name` varchar(100) COLLATE utf8_unicode_ci NOT NULL
) ENGINE=InnoDB DEFAULT CHARSET=utf8 COLLATE=utf8_unicode_ci;

--
-- Dumping data for table `product_categories`
--

INSERT INTO `product_categories` (`id`, `code`, `name`) VALUES
(1, 'C001', 'เงินสด,เครดิตเว็บ'),
(2, 'C002', 'มือถือ,แท็ปเล็ต'),
(3, 'C003', 'Gadget'),
(4, 'C004', 'เสื้อผ้า'),
(5, 'C005', 'พรีเมี่ยม'),
(6, 'C006', 'อื่นๆ');

-- --------------------------------------------------------

--
-- Table structure for table `promotion`
--

CREATE TABLE `promotion` (
  `id` int(11) NOT NULL,
  `code` varchar(5) COLLATE utf8_unicode_ci NOT NULL,
  `detail` varchar(100) COLLATE utf8_unicode_ci NOT NULL
) ENGINE=InnoDB DEFAULT CHARSET=utf8 COLLATE=utf8_unicode_ci;

--
-- Dumping data for table `promotion`
--

INSERT INTO `promotion` (`id`, `code`, `detail`) VALUES
(2, 'P001', 'แต้ม x2'),
(3, 'P002', 'แต้ม x3');

-- --------------------------------------------------------

--
-- Table structure for table `users`
--

CREATE TABLE `users` (
  `id` int(11) NOT NULL,
  `firstname` varchar(100) COLLATE utf8_unicode_ci NOT NULL,
  `lastname` varchar(100) COLLATE utf8_unicode_ci NOT NULL,
  `username` varchar(50) COLLATE utf8_unicode_ci NOT NULL,
  `phone` int(20) NOT NULL,
  `own_point` int(11) NOT NULL,
  `created` datetime NOT NULL DEFAULT CURRENT_TIMESTAMP
) ENGINE=InnoDB DEFAULT CHARSET=utf8 COLLATE=utf8_unicode_ci;

--
-- Dumping data for table `users`
--

INSERT INTO `users` (`id`, `firstname`, `lastname`, `username`, `phone`, `own_point`, `created`) VALUES
(38, 'ทดสอบ', 'ทดสอบนามสกุล', 'test', 1234, 459800, '2019-05-20 19:36:40'),
(43, 'wwwww', 'eeeee', 'testhh', 789, 10000, '2019-05-20 19:36:40'),
(48, 'ทดสอบ', 'ทดสอบนามสกุล', 'test', 1234, 9900, '2019-05-20 19:36:40'),
(53, 'ทดสอบ', 'ทดสอบนามสกุล', 'test', 1234, 9900, '2019-05-20 19:36:40'),
(78, 'bbb', 'sss', 'test2', 1234, 100001, '2019-05-27 15:35:39'),
(90, 'ทดสอบ', 'ทดสอบนามสกุล', 'test', 1234, 9901, '2019-05-20 19:36:40'),
(91, 'ทดสอบ', 'ทดสอบนามสกุล', 'test', 1234, 9900, '2019-05-20 19:36:40'),
(92, 'ทดสอบ', 'ทดสอบนามสกุล', 'test', 1234, 9900, '2019-05-20 19:36:40'),
(93, 'aaa', 'sss', 'test2', 1234, 100000, '2019-05-22 13:30:01'),
(97, 'ทดสอบ', 'ทดสอบนามสกุล', 'test', 1234, 322619, '2019-05-20 19:36:40'),
(98, 'ทดสอบ', 'ทดสอบนามสกุล', 'test', 1234, 9902, '2019-05-20 19:36:40'),
(99, 'ทดสอบ', 'ทดสอบนามสกุล', 'test', 1234, 9900, '2019-05-20 19:36:40'),
(101, 'aaa', 'sss', 'test2', 1234, 100000, '2019-05-22 13:30:01'),
(113, 'ทดสอบ', 'ทดสอบนามสกุล', 'test', 1234, 322518, '2019-05-20 19:36:40'),
(114, 'ทดสอบ', 'ทดสอบนามสกุล', 'test', 1234, 9902, '2019-05-20 19:36:40'),
(115, 'ทดสอบ', 'ทดสอบนามสกุล', 'test', 1234, 9901, '2019-05-20 19:36:40'),
(116, 'ทดสอบ', 'ทดสอบนามสกุล', 'test', 1234, 9900, '2019-05-20 19:36:40'),
(117, 'aaa', 'sss', 'test2', 1234, 100000, '2019-05-22 13:30:01'),
(118, 'bbb', 'sss', 'test2', 1234, 100000, '2019-05-27 15:35:39'),
(119, 'fef', 'sss', 'test2', 1234, 100000, '2019-05-27 15:36:44'),
(120, 'ทดสอบ', 'ทดสอบนามสกุล', 'test', 1234, 9900, '2019-05-20 19:36:40'),
(121, 'ทดสอบ', 'ทดสอบนามสกุล', 'test', 1234, 322518, '2019-05-20 19:36:40'),
(122, 'ทดสอบ', 'ทดสอบนามสกุล', 'test', 1234, 9901, '2019-05-20 19:36:40'),
(123, 'ทดสอบ', 'ทดสอบนามสกุล', 'test', 1234, 9900, '2019-05-20 19:36:40'),
(124, 'ทดสอบ', 'ทดสอบนามสกุล', 'test', 1234, 9900, '2019-05-20 19:36:40'),
(125, 'aaa', 'sss', 'test2', 1234, 100000, '2019-05-22 13:30:01'),
(126, 'bbb', 'sss', 'test2', 1234, 100000, '2019-05-27 15:35:39'),
(127, 'fef', 'sss', 'test2', 1234, 100000, '2019-05-27 15:36:44'),
(128, 'ทดสอบ', 'ทดสอบนามสกุล', 'test', 1234, 9900, '2019-05-20 19:36:40'),
(129, 'ทดสอบ', 'ทดสอบนามสกุล', 'test', 1234, 322518, '2019-05-20 19:36:40'),
(130, 'ทดสอบ', 'ทดสอบนามสกุล', 'test', 1234, 9901, '2019-05-20 19:36:40'),
(131, 'ทดสอบ', 'ทดสอบนามสกุล', 'test', 1234, 9900, '2019-05-20 19:36:40'),
(132, 'aaa', 'sss', 'test2', 1234, 100000, '2019-05-22 13:30:01'),
(135, 'ทดสอบ', 'ทดสอบนามสกุล', 'test', 1234, 9900, '2019-05-20 19:36:40'),
(136, 'ทดสอบ', 'ทดสอบนามสกุล', 'test', 1234, 9900, '2019-05-20 19:36:40'),
(138, 'bbb', 'sss', 'test2', 1234, 100000, '2019-05-27 15:35:39'),
(139, 'fef', 'sss', 'test2', 1234, 100000, '2019-05-27 15:36:44'),
(140, 'ทดสอบ', 'ทดสอบนามสกุล', 'test', 1234, 9900, '2019-05-20 19:36:40'),
(141, 'ทดสอบ', 'ทดสอบนามสกุล', 'test', 1234, 322518, '2019-05-20 19:36:40'),
(158, 'aaa', 'sss', 'test2', 1234, 100000, '2019-05-28 16:02:57'),
(159, 'aaa', 'sss', 'test2', 1234, 100001, '2019-05-28 16:40:47'),
(160, 'ทดสอบ', 'ทดสอบนามสกุล', 'test', 1234, 1, '2019-05-28 16:41:03'),
(161, 'aaa', 'sss', 'test2', 1234, 100000, '2019-05-28 16:41:38'),
(162, 'aaa', 'sss', 'test2', 1234, 100000, '2019-05-28 16:42:00'),
(163, 'aaa', 'sss', 'test2', 1234, 100000, '2019-05-28 16:42:32'),
(164, 'aaa', 'sss', 'test2', 1234, 100000, '2019-05-28 16:42:47'),
(165, 'aaa', 'sss', 'test', 1234, 100000, '2019-05-28 16:43:08'),
(166, 'aaa', 'sss', 'test', 1234, 100000, '2019-05-28 16:43:23'),
(167, 'aaa', 'sss', 'test2', 1234, 100000, '2019-05-28 16:44:51'),
(168, 'aaa', 'sss', 'test2', 1234, 100000, '2019-05-28 16:46:17'),
(171, 'aaa', 'sss', 'test2', 123456, 100000, '2019-05-28 17:15:11'),
(172, 'aaa', 'sss', 'test2', 1234, 1, '2019-05-28 17:15:50'),
(173, 'aaa', 'sss', 'test2', 123456, 100000, '2019-05-28 17:40:34'),
(174, 'aaa', 'sss', 'test', 1234, 100000, '2019-05-28 17:40:55'),
(175, 'aaa', 'sss', 'test2', 1234, 100000, '2019-05-28 17:42:08'),
(176, 'aaa', 'sss', 'test2', 1234, 100000, '2019-05-28 17:43:43'),
(177, 'ทดสอบ', 'sss', 'test', 1234, 100000, '2019-05-28 17:43:49'),
(178, 'ทดสอบ', 'sss', 'test', 1234, 100000, '2019-05-28 17:44:10'),
(179, 'ทดสอบ', 'sss', 'test', 1234, 100000, '2019-05-28 17:44:25'),
(180, 'ทดสอบ', 'sss', 'test', 1234, 100000, '2019-05-28 17:44:33'),
(181, 'ทดสอบ', 'sss', 'test', 1234, 100000, '2019-05-28 17:44:54'),
(182, 'ทดสอบ', 'sss', 'test', 1234, 100000, '2019-05-28 17:48:01'),
(183, 'ทดสอบ', 'sss', 'test', 1234, 100000, '2019-05-28 17:48:05'),
(184, 'ทดสอบ', 'sss', 'test', 1234, 100000, '2019-05-28 17:48:32'),
(185, 'ทดสอบ', 'sss', 'test', 1234, 100000, '2019-05-28 17:48:50'),
(186, 'ทดสอบ', 'sss', 'test', 1234, 100000, '2019-05-28 17:50:29'),
(187, 'ทดสอบ', 'sss', 'test', 1234, 100000, '2019-05-28 17:50:36'),
(188, 'ทดสอบ', 'sss', 'test', 1234, 100000, '2019-05-28 17:54:57'),
(189, 'ทดสอบ', 'sss', 'test', 1234, 100000, '2019-05-28 17:56:55'),
(190, 'ทดสอบ', 'sss', 'test', 1234, 100000, '2019-05-28 17:56:58'),
(191, 'ทดสอบ', 'sss', 'test', 1234, 100000, '2019-05-28 17:57:57'),
(192, 'ทดสอบ', 'sss', 'test', 1234, 100000, '2019-05-28 17:58:02'),
(193, 'ทดสอบ', 'sss', 'test', 1234, 100000, '2019-05-28 17:58:16'),
(194, 'ทดสอบ', 'sss', 'test', 1234, 100000, '2019-05-28 17:59:38'),
(195, 'ทดสอบ', 'sss', 'test', 1234, 100000, '2019-05-28 17:59:45'),
(196, 'ทดสอบ', 'sss', 'test', 1234, 100000, '2019-05-28 17:59:55'),
(198, 'ทดสอบ', 'sss', 'test', 1234, 100000, '2019-05-28 18:01:43'),
(199, 'ทดสอบ', 'sss', 'test', 1234, 100000, '2019-05-28 18:02:06'),
(200, 'ทดสอบ', 'sss', 'test', 1234, 100000, '2019-05-28 18:02:09'),
(201, 'ทดสอบ', 'sss', 'test', 1234, 100000, '2019-05-28 18:02:57'),
(202, 'ทดสอบ', 'sss', 'test', 1234, 100000, '2019-05-28 18:04:31'),
(203, 'aaa', 'sss', 'test2', 1234, 100000, '2019-05-28 18:04:50'),
(204, 'aaa', 'sss', 'test', 123456, 100000, '2019-05-28 18:05:07'),
(205, 'aaa', 'sss', 'test2', 1234, 3, '2019-05-28 18:05:16'),
(206, 'aaa', 'sss', 'test', 1234, 100000, '2019-05-28 18:05:34'),
(207, 'ccc', 'ccc', 'ccc', 1234, 79250, '2019-05-31 12:58:35'),
(208, 'vvv', 'vvv', 'vvv', 81, 100000, '2019-05-31 18:17:29'),
(209, 'fef', 'sss', 'vvv', 81, 100000, '2019-05-31 18:19:47'),
(210, 'ทดสอบบ', 'sss', 'test222', 1234, 1, '2019-06-03 12:15:15');

--
-- Indexes for dumped tables
--

--
-- Indexes for table `admin`
--
ALTER TABLE `admin`
  ADD PRIMARY KEY (`id`);

--
-- Indexes for table `orders`
--
ALTER TABLE `orders`
  ADD PRIMARY KEY (`id`),
  ADD KEY `user_id` (`user_id`);

--
-- Indexes for table `order_details`
--
ALTER TABLE `order_details`
  ADD PRIMARY KEY (`order_id`,`product_id`) USING BTREE,
  ADD KEY `product_id` (`product_id`);

--
-- Indexes for table `point_history`
--
ALTER TABLE `point_history`
  ADD PRIMARY KEY (`id`),
  ADD KEY `user_id` (`user_id`);

--
-- Indexes for table `products`
--
ALTER TABLE `products`
  ADD PRIMARY KEY (`id`),
  ADD KEY `product_category_id` (`product_category_id`);

--
-- Indexes for table `product_categories`
--
ALTER TABLE `product_categories`
  ADD PRIMARY KEY (`id`);

--
-- Indexes for table `promotion`
--
ALTER TABLE `promotion`
  ADD PRIMARY KEY (`id`);

--
-- Indexes for table `users`
--
ALTER TABLE `users`
  ADD PRIMARY KEY (`id`);

--
-- AUTO_INCREMENT for dumped tables
--

--
-- AUTO_INCREMENT for table `admin`
--
ALTER TABLE `admin`
  MODIFY `id` int(11) NOT NULL AUTO_INCREMENT, AUTO_INCREMENT=3;

--
-- AUTO_INCREMENT for table `orders`
--
ALTER TABLE `orders`
  MODIFY `id` int(11) NOT NULL AUTO_INCREMENT, AUTO_INCREMENT=61;

--
-- AUTO_INCREMENT for table `point_history`
--
ALTER TABLE `point_history`
  MODIFY `id` int(15) NOT NULL AUTO_INCREMENT, AUTO_INCREMENT=227;

--
-- AUTO_INCREMENT for table `products`
--
ALTER TABLE `products`
  MODIFY `id` int(11) NOT NULL AUTO_INCREMENT, AUTO_INCREMENT=16;

--
-- AUTO_INCREMENT for table `product_categories`
--
ALTER TABLE `product_categories`
  MODIFY `id` int(11) NOT NULL AUTO_INCREMENT, AUTO_INCREMENT=7;

--
-- AUTO_INCREMENT for table `promotion`
--
ALTER TABLE `promotion`
  MODIFY `id` int(11) NOT NULL AUTO_INCREMENT, AUTO_INCREMENT=4;

--
-- AUTO_INCREMENT for table `users`
--
ALTER TABLE `users`
  MODIFY `id` int(11) NOT NULL AUTO_INCREMENT, AUTO_INCREMENT=211;

--
-- Constraints for dumped tables
--

--
-- Constraints for table `orders`
--
ALTER TABLE `orders`
  ADD CONSTRAINT `fk_user_id` FOREIGN KEY (`user_id`) REFERENCES `users` (`id`) ON DELETE CASCADE ON UPDATE CASCADE;

--
-- Constraints for table `order_details`
--
ALTER TABLE `order_details`
  ADD CONSTRAINT `fk_order_id` FOREIGN KEY (`order_id`) REFERENCES `orders` (`id`) ON DELETE CASCADE ON UPDATE CASCADE;

--
-- Constraints for table `point_history`
--
ALTER TABLE `point_history`
  ADD CONSTRAINT `fk_user_id_point_history` FOREIGN KEY (`user_id`) REFERENCES `users` (`id`) ON DELETE CASCADE ON UPDATE CASCADE;

--
-- Constraints for table `products`
--
ALTER TABLE `products`
  ADD CONSTRAINT `fk_product_category` FOREIGN KEY (`product_category_id`) REFERENCES `product_categories` (`id`);
COMMIT;

/*!40101 SET CHARACTER_SET_CLIENT=@OLD_CHARACTER_SET_CLIENT */;
/*!40101 SET CHARACTER_SET_RESULTS=@OLD_CHARACTER_SET_RESULTS */;
/*!40101 SET COLLATION_CONNECTION=@OLD_COLLATION_CONNECTION */;
